id,containerNumber,shipmentId
06010ce1-a030-4b3e-b1ea-61ddf693acb4,MSCU621992101,3120c81b-df06-47c6-871f-24ca886859d1
ef9e072a-f21c-4bad-bc93-9590faca54f2,MSCU411472647,3120c81b-df06-47c6-871f-24ca886859d1
1ae5ed89-86b4-4882-be2a-2c20be5d25f7,MSCU789968339,3120c81b-df06-47c6-871f-24ca886859d1
2dce2eac-3431-4002-a3b2-8d8a9c5232cc,MSCU858030493,3120c81b-df06-47c6-871f-24ca886859d1
8f4f09e8-1f83-4c80-864c-26282ebfdef3,MSCU875309339,3120c81b-df06-47c6-871f-24ca886859d1
9f85f87f-df1a-4ffb-9a18-22c10655635d,MSCU542817737,3120c81b-df06-47c6-871f-24ca886859d1
8fecd5db-a820-4a9f-bb2a-e85496abc18f,MSCU412574121,3120c81b-df06-47c6-871f-24ca886859d1
a25658aa-99a3-413c-ae85-e782be70559e,MSCU405339919,bc5723fe-bca5-4856-b7b4-d5759f3f242c
d21e7dec-2d15-4af1-96e5-b82401e44fb2,EGLU502847471,2de24f1f-9411-4e26-845d-c4384047ee4f
97f27e06-8489-4b1b-b551-fd917018460e,EGLU125704251,2de24f1f-9411-4e26-845d-c4384047ee4f
ff639ea5-22f2-401e-b1a8-f4e0dc84c05d,EGLU829118258,2de24f1f-9411-4e26-845d-c4384047ee4f
5f9b319c-1c18-42b6-ae82-8dceadd51c15,EGLU345813894,2de24f1f-9411-4e26-845d-c4384047ee4f
f757c807-6ace-42f7-83c0-ecc47e85c832,EGLU652060745,2de24f1f-9411-4e26-845d-c4384047ee4f
fceb95cc-6173-48f6-bb7d-08b5bf96495f,EGLU897772670,2de24f1f-9411-4e26-845d-c4384047ee4f
c117465c-0f31-4c52-9cc1-17318b417aae,EGLU557213531,eb215d90-0b03-459b-b78a-94390708e8de
cc8597d1-f64e-4a0b-ac82-71d7aaee0b4e,EGLU162929036,eb215d90-0b03-459b-b78a-94390708e8de
a5d8d290-7aeb-4982-a53d-bb1931538c7f,EGLU357763489,eb215d90-0b03-459b-b78a-94390708e8de
6f76e5ef-2586-4c1c-a052-8adf8a4986e0,EGLU404593807,eb215d90-0b03-459b-b78a-94390708e8de
ff62b743-4cb0-4ce7-92af-69e04ed387d5,EGLU259099540,eb215d90-0b03-459b-b78a-94390708e8de
d6fd7b1a-107b-43b5-be61-c74da5c0edd5,EGLU519967203,eb215d90-0b03-459b-b78a-94390708e8de
9bc17727-6307-43f4-aea0-dbf7842f361d,EGLU150673079,eb215d90-0b03-459b-b78a-94390708e8de
754eac6f-135c-4634-8524-0227773e0758,MSCU394403072,a4fb2b59-2aa6-481b-b0c0-e556cf907688
65295b14-bb5a-4862-aae0-3470b9ced61a,MSCU598502790,a4fb2b59-2aa6-481b-b0c0-e556cf907688
f8ae92b0-c3a8-4f01-bfa1-5caab4ab0bd0,EGLU138448540,9bc107d1-0854-4c88-b3b3-3d77018294d1
a9a206e7-dab6-453d-90bc-0ad9e2779dca,EGLU753685842,9bc107d1-0854-4c88-b3b3-3d77018294d1
77549c72-3d5c-4940-82ed-682896ae2dc1,MSCU299201472,5b753d51-e14c-4dca-bc69-c4f6bfee59f2
6b8ae68d-9039-41d1-8a6e-c69ef40a59b2,MSCU661413855,5b753d51-e14c-4dca-bc69-c4f6bfee59f2
a8660dd2-abb8-4f8a-a8cd-e131309f54a5,MSCU509890764,5b753d51-e14c-4dca-bc69-c4f6bfee59f2
df7a92d9-d0fc-46d5-9893-b7708d38f6ea,MSCU803347316,5b753d51-e14c-4dca-bc69-c4f6bfee59f2
100f2313-21e1-4420-9eb1-e78baf2826fc,MSCU838884103,5b753d51-e14c-4dca-bc69-c4f6bfee59f2
86d774f2-8dc5-4333-b6db-1c204b1ec95d,MSCU669639728,5b753d51-e14c-4dca-bc69-c4f6bfee59f2
4f165065-953d-4f85-bfa6-01ba0410d6f7,MSCU369897844,5b753d51-e14c-4dca-bc69-c4f6bfee59f2
9a0630c6-33af-4197-b287-cd95158ede84,MSCU561875043,5b753d51-e14c-4dca-bc69-c4f6bfee59f2
e563e1de-c092-4292-b378-ec8c4917da0e,MSCU466101340,0ad5edf9-a502-4695-8130-ead7a7d2ee29
b72bd778-ef5c-48f2-b7b2-0ce66de88f35,MSCU825144215,8968df62-d535-4d9b-84ca-d56d285bdcae
8a630bde-0eb1-4b0b-9055-7b449e3011e5,MSCU377055568,8968df62-d535-4d9b-84ca-d56d285bdcae
b93cb57b-ce65-4c54-89c5-0e2baeed97d1,MSCU837167094,8968df62-d535-4d9b-84ca-d56d285bdcae
bab9f8ac-966a-465f-a3c3-d105e294a2fd,MSCU308851775,8968df62-d535-4d9b-84ca-d56d285bdcae
d2a74b6b-e5cc-445c-897a-e8661cdfdcbe,MSCU200053151,8968df62-d535-4d9b-84ca-d56d285bdcae
2e582449-8530-4d20-975d-3f8d95d4f8cf,MSCU923529770,8968df62-d535-4d9b-84ca-d56d285bdcae
46e6bf6b-5eec-4e50-b9ca-8b94a17cb915,MSCU952360412,7efa5714-fc41-41fb-8db0-9a502c1e3618
ae828261-034c-4811-8465-b20322f46695,MSCU144533394,7efa5714-fc41-41fb-8db0-9a502c1e3618
e1c000ea-a206-4bec-b3ca-f26f44bef213,MSCU990687693,7efa5714-fc41-41fb-8db0-9a502c1e3618
75bf0c0e-160d-4cec-9660-56e881fb8aaa,MSCU481701904,7efa5714-fc41-41fb-8db0-9a502c1e3618
9b768b5d-8944-4ef0-ba2c-f1a01439c1c5,MSCU530089953,7efa5714-fc41-41fb-8db0-9a502c1e3618
2b25669f-1250-4462-92c2-79cce5ad8f20,MSCU332891523,7efa5714-fc41-41fb-8db0-9a502c1e3618
2db12a89-dc8c-40d8-80b0-6df72b450622,MSCU131908973,7efa5714-fc41-41fb-8db0-9a502c1e3618
e64d6eaf-88c6-4563-9dad-e1c164f5dfb0,EGLU986529352,42089aac-869b-4673-9be1-7bce0655117d
ce2d40ee-d9e3-4348-9715-503e2fc5392b,EGLU927360447,42089aac-869b-4673-9be1-7bce0655117d
8b8174c3-6809-4248-b497-c78b6c957676,EGLU670424253,42089aac-869b-4673-9be1-7bce0655117d
62e35493-3184-4e5c-9b56-43fc3fcbdc18,EGLU107124515,42089aac-869b-4673-9be1-7bce0655117d
90f5a1eb-1293-4d8d-9012-aaec11d57f4f,EGLU178198163,42089aac-869b-4673-9be1-7bce0655117d
aeac4cab-8551-4353-aa53-e4f918991bf3,EGLU372155739,42089aac-869b-4673-9be1-7bce0655117d
1236ac8d-8a51-4ec1-be5b-481b43b661e4,MSCU232377804,80cd81bb-a90a-425d-b6d6-cc59fc836fa3
64c6be0e-ba40-4a02-862f-3944964b5c1f,MSCU443625423,80cd81bb-a90a-425d-b6d6-cc59fc836fa3
1ca59b74-f9e5-4090-8f1a-6b5eb9d59685,MSCU272623266,80cd81bb-a90a-425d-b6d6-cc59fc836fa3
357f945c-38ad-4323-b165-52770f29af1f,MSCU801157716,80cd81bb-a90a-425d-b6d6-cc59fc836fa3
e23f83ef-377a-40c0-b16a-a31553078011,MSCU886730876,9ced9c13-8052-4285-890b-697852f01836
d187a6e9-5b2e-48fc-bffe-4b6f4c2ae471,MSCU549713429,9ced9c13-8052-4285-890b-697852f01836
32270a6e-3db0-4631-b5e1-9a26eaeb8a75,MSCU451129888,9ced9c13-8052-4285-890b-697852f01836
8bed42fa-3ec2-4376-af0f-dae423333432,MSCU849736083,9ced9c13-8052-4285-890b-697852f01836
17e0ce8f-a0cf-4b12-87b5-26f5e899fbca,MSCU526594018,094aeeb6-b305-4e70-9e08-bb21d07473ca
3707cc9a-2d28-4c30-b106-c68454b81fed,MSCU944384828,094aeeb6-b305-4e70-9e08-bb21d07473ca
183b1ddb-6579-4875-94fa-522459379d8d,MSCU218047737,094aeeb6-b305-4e70-9e08-bb21d07473ca
58e0b469-a458-4312-81f7-097339501b8a,MSCU914422749,094aeeb6-b305-4e70-9e08-bb21d07473ca
4f77007f-5bc2-4a32-926b-7fce597b6af0,MSCU879539966,094aeeb6-b305-4e70-9e08-bb21d07473ca
b4df595d-076e-4fc3-9c42-4a1de7bf559f,MSCU363112842,094aeeb6-b305-4e70-9e08-bb21d07473ca
17b03295-dc28-4316-8460-674dd1c0cdfc,MSCU122112031,f8934983-0d38-43a4-8517-a172772a1115
8bce40d5-56e9-4c15-b95e-09d90e78165c,MSCU329838115,f8934983-0d38-43a4-8517-a172772a1115
54cf5f1a-d2c0-45f7-a0d8-935d16b9398c,MSCU393400951,f8934983-0d38-43a4-8517-a172772a1115
91127db5-896b-4de5-9704-045634f368da,MSCU773567022,f8934983-0d38-43a4-8517-a172772a1115
40c10997-8bb0-41bf-9d59-2696f364a792,MSCU341679226,f8934983-0d38-43a4-8517-a172772a1115
5a5edcad-9156-4aec-8ece-2293c5883316,MSCU802700700,f8934983-0d38-43a4-8517-a172772a1115
2b7ab592-6e4d-43dc-9295-752ad6cc0042,MSCU428038117,f8934983-0d38-43a4-8517-a172772a1115
0bb8a5f6-057a-403a-a4bb-8609ae18cb90,MSCU117221779,f8934983-0d38-43a4-8517-a172772a1115
35529878-3c24-48c7-8d74-b70c2ab14c6a,MSCU371851573,b040e7e0-1c00-445d-a586-7a166ba96c49
918f58e8-22d3-4949-825f-dc3d4c1bb3d8,MSCU978781021,7d5aae03-3711-43ab-a37c-0732d9ee1cfd
bce06873-480a-4ab7-89d7-a47f7f21ca5c,MSCU478533718,7d5aae03-3711-43ab-a37c-0732d9ee1cfd
eaaca89a-5fe7-464a-a275-dca6bb77f28f,MSCU341162759,7d5aae03-3711-43ab-a37c-0732d9ee1cfd
08033db3-c34c-4c6a-a9e5-f6e2ed916369,MSCU983875292,7d5aae03-3711-43ab-a37c-0732d9ee1cfd
66307877-fccb-412c-ab5e-42afb395d600,MSCU225766271,7d5aae03-3711-43ab-a37c-0732d9ee1cfd
e32831ef-6015-44a0-ae91-b442f49e652d,MSCU975431022,345b11ef-6283-4379-a9e1-89a9b1d41316
7107576b-f2f4-4716-93ec-cb72359a839c,MSCU326229547,345b11ef-6283-4379-a9e1-89a9b1d41316
44dd461f-932f-4b07-812d-460f494c681d,MSCU606444531,345b11ef-6283-4379-a9e1-89a9b1d41316
6f304e5f-e730-4970-94ca-9db2413e108a,MSCU506795045,345b11ef-6283-4379-a9e1-89a9b1d41316
537915d1-2ca1-4665-a6ab-de3f810811b5,MSCU927360955,345b11ef-6283-4379-a9e1-89a9b1d41316
834ed6a1-94f9-461c-a96f-58b6e15cf979,MSCU119715375,345b11ef-6283-4379-a9e1-89a9b1d41316
c4448891-9fb3-45c9-bb94-d4d737943224,MSCU815279042,4755a41b-e064-4cf5-ab49-194b402c85cf
4da5b7c6-bae5-4c3c-9ab5-611fb98d5812,MSCU847487872,4755a41b-e064-4cf5-ab49-194b402c85cf
f141bc02-3414-42d9-8f3a-c8bb34e53815,MSCU365234458,4755a41b-e064-4cf5-ab49-194b402c85cf
87bbaca3-ca67-40b0-bd50-2ad1bb24bbab,MSCU811195159,4755a41b-e064-4cf5-ab49-194b402c85cf
3977eacb-f3c8-4b1e-94fb-b5e3ec8a609b,MSCU686509435,4755a41b-e064-4cf5-ab49-194b402c85cf
8fe38ca6-ba80-43e1-9063-6b8b0cd676f3,MSCU110098133,4755a41b-e064-4cf5-ab49-194b402c85cf
542491d6-88de-41f4-90be-05aae63b59e7,MSCU127322261,4755a41b-e064-4cf5-ab49-194b402c85cf
fc414987-6288-449a-be8e-51afe238c7d7,MSCU138160516,4755a41b-e064-4cf5-ab49-194b402c85cf
a38d46bd-dd2e-416b-a034-82e647a2cbad,MSCU751202444,4755a41b-e064-4cf5-ab49-194b402c85cf
e9c6d722-c552-475d-bbaa-a6383a4f8725,MSCU247220723,4755a41b-e064-4cf5-ab49-194b402c85cf
15bb47ab-08b5-4d24-857f-31207e23e64e,EGLU221409848,994d5f5b-e426-4e5b-8646-36842090334b
2888874c-4511-4402-a273-0474202e8972,EGLU914080103,994d5f5b-e426-4e5b-8646-36842090334b
566efc0d-b477-465f-82af-86dc67a9bc4c,EGLU976336933,994d5f5b-e426-4e5b-8646-36842090334b
510feb9b-9c69-40dc-99d8-82b154821413,EGLU280781525,4fef81c6-09ac-415d-ae1f-65f48ca3eaef
f083247d-4bf7-4605-bc0b-5de6151c201d,EGLU875215861,4fef81c6-09ac-415d-ae1f-65f48ca3eaef
5e2ed7fa-e8da-4ace-9e1b-e77d2cffc53e,EGLU524607483,4fef81c6-09ac-415d-ae1f-65f48ca3eaef
ae2fab53-0cb4-49d5-a4aa-3db9b214ce52,EGLU916886850,4fef81c6-09ac-415d-ae1f-65f48ca3eaef
fd11400f-dafc-46f6-9e99-5bdab128e6ce,EGLU331464962,4fef81c6-09ac-415d-ae1f-65f48ca3eaef
e5dd895a-306d-4c24-901a-7ec750539369,MSCU228273528,900fc0b2-7aae-44fb-942c-a5140e8071ed
511d70c8-f7c4-43d0-8e53-5c014e5be9fa,MSCU719962113,900fc0b2-7aae-44fb-942c-a5140e8071ed
6f923d41-1057-4b88-bb52-57b26a654418,EGLU741752771,572edd87-be6c-424d-8fa0-99d20ee2b5be
e8f338b2-3864-4d85-9264-b8011b81f0ac,EGLU579805871,572edd87-be6c-424d-8fa0-99d20ee2b5be
faa1bc20-918a-415d-a952-2675a0618dca,EGLU614410210,572edd87-be6c-424d-8fa0-99d20ee2b5be
70d2d7c2-b9e4-4334-9fd3-2df6c93ed63b,EGLU204182151,572edd87-be6c-424d-8fa0-99d20ee2b5be
694fe46c-61db-4e9d-98b3-0f8756d8a370,EGLU611660886,572edd87-be6c-424d-8fa0-99d20ee2b5be
3ea45ab3-3a4a-44b5-ba21-3bf13cb71dd3,EGLU529173715,572edd87-be6c-424d-8fa0-99d20ee2b5be
5ae17042-4349-4a55-985a-87cdc19c6b4f,EGLU638425183,572edd87-be6c-424d-8fa0-99d20ee2b5be
a990feea-f194-4876-83da-cd36776be9a1,EGLU345720992,572edd87-be6c-424d-8fa0-99d20ee2b5be
6ebe5e5b-2b20-4087-a2d8-12acf77979cc,EGLU193705308,572edd87-be6c-424d-8fa0-99d20ee2b5be
d7005c4a-2b03-4428-baa9-4663c99b1c11,MSCU481741591,3ba3d370-a90b-4ac7-af79-64cde6af4ed4
97c42a2e-8b31-4dab-a190-bfd0d5443ceb,EGLU772417135,8fc2a1ab-4378-4af3-a452-2f1195c73ab1
6f122f94-ee68-4319-b481-2d849fb0d2c2,EGLU695095842,8fc2a1ab-4378-4af3-a452-2f1195c73ab1
a5dd8fa9-9f12-498e-bb9f-342dc21e6efc,EGLU466809838,8fc2a1ab-4378-4af3-a452-2f1195c73ab1
2a0b0a8c-6794-4b36-a520-b8421dc5ce7a,EGLU754814819,8fc2a1ab-4378-4af3-a452-2f1195c73ab1
82cb5cb6-bf18-4d7d-b19a-2b9994420477,MSCU754986966,efd8cf7f-f846-44b9-970d-3167b292cad1
12e5dcc1-b905-4515-b920-aa69b081868a,MSCU972285987,efd8cf7f-f846-44b9-970d-3167b292cad1
ed69a3c9-361f-4466-b8c0-2d5a25ffb082,MSCU794700774,efd8cf7f-f846-44b9-970d-3167b292cad1
23bc87c0-f1d7-463b-97f2-05c6fa9f750e,MSCU183236473,efd8cf7f-f846-44b9-970d-3167b292cad1
95224551-9333-40a6-bab4-821d45d22d2a,MSCU182552360,efd8cf7f-f846-44b9-970d-3167b292cad1
dc556652-3503-427f-8ed6-843c98b83a36,MSCU310374797,efd8cf7f-f846-44b9-970d-3167b292cad1
53d97adf-feff-448a-8533-d005374b229b,MSCU177108597,efd8cf7f-f846-44b9-970d-3167b292cad1
e1d79932-2cee-4dc6-9193-4ce377a667fe,MSCU154296722,efd8cf7f-f846-44b9-970d-3167b292cad1
43a77799-5129-49d5-8206-6d3916ec7a8c,MSCU267150781,efd8cf7f-f846-44b9-970d-3167b292cad1
0030b7c0-87a4-447e-96d6-af8f094c4882,MSCU224566830,efd8cf7f-f846-44b9-970d-3167b292cad1
d32d4d18-fdd5-4327-8f2f-666aaf9c7ae6,MSCU126032478,3877db1e-ea78-4204-9b48-b8f3b976e0a2
6c332103-7e7f-471d-9b8d-cf5d363b4eb0,MSCU351625506,3877db1e-ea78-4204-9b48-b8f3b976e0a2
0fccb28a-430b-4f33-a1d8-f8c1d231aa3b,MSCU211380915,3877db1e-ea78-4204-9b48-b8f3b976e0a2
e9818320-3a3a-4176-86f3-05c3f0585dd8,MSCU951253711,3877db1e-ea78-4204-9b48-b8f3b976e0a2
c7e0109c-e586-4510-b02b-7f78f7161b81,MSCU783398552,3877db1e-ea78-4204-9b48-b8f3b976e0a2
7a13377b-ffab-4e4d-9179-7c46fc19ffb8,MSCU218259139,3877db1e-ea78-4204-9b48-b8f3b976e0a2
d96493bd-4ed8-4d17-ad55-b17d3f307d0d,MSCU513244036,3877db1e-ea78-4204-9b48-b8f3b976e0a2
9f484079-3dee-4f47-8a05-040d01f567a8,MSCU933018344,3877db1e-ea78-4204-9b48-b8f3b976e0a2
81d0997d-b580-4d05-b4c2-0a1123175cfe,MSCU504621520,3877db1e-ea78-4204-9b48-b8f3b976e0a2
db7ef96c-3c9f-402e-bd0b-faaa77c75064,MSCU859482854,3877db1e-ea78-4204-9b48-b8f3b976e0a2
bea2872a-9d41-4aad-8d0e-b45d6093c297,EGLU509610442,d8f54775-5773-48b7-bc77-792011431a9c
806460ef-2f51-40b2-99e8-496c617c924b,EGLU634699583,d8f54775-5773-48b7-bc77-792011431a9c
e5680334-548b-445d-8417-ce606e62d5d4,EGLU588054795,d8f54775-5773-48b7-bc77-792011431a9c
f0f8c16c-7a87-43a6-868c-a5f07290277f,EGLU520081503,d8f54775-5773-48b7-bc77-792011431a9c
9d75e4cd-b210-40a3-8997-945491b4a70a,EGLU694547605,d8f54775-5773-48b7-bc77-792011431a9c
04b8f5c4-e71b-4695-b8f9-c3b678f97ce6,EGLU604340623,d8f54775-5773-48b7-bc77-792011431a9c
ce1bfc36-bdc7-470b-b0a1-b45d2e435e8f,EGLU645998700,d8f54775-5773-48b7-bc77-792011431a9c
7368b300-e41a-4cbd-8ac6-d2373fb41f4f,EGLU844335079,d8f54775-5773-48b7-bc77-792011431a9c
c375aa1a-223e-44c3-bda3-0ccbc4a4fc96,EGLU981813679,351ea2a3-31d6-4d42-904d-8b4535d0a580
36a4aca4-11ac-4bf9-9fee-434be7c91f4e,EGLU589445637,351ea2a3-31d6-4d42-904d-8b4535d0a580
53bea020-caae-4d35-95a9-e0e4a6e05cad,EGLU150052004,351ea2a3-31d6-4d42-904d-8b4535d0a580
90d2f2c6-fd64-4239-8d82-6d224b8c3562,EGLU154538379,351ea2a3-31d6-4d42-904d-8b4535d0a580
0e610225-a04b-437f-838f-f45fd32ac2a3,EGLU128245488,351ea2a3-31d6-4d42-904d-8b4535d0a580
356bcdac-3be4-43f1-ab38-aae95533f84a,EGLU921823899,351ea2a3-31d6-4d42-904d-8b4535d0a580
69e8b047-a879-4a7e-aad2-80c4f1ed03e8,MSCU368687123,03e53d2f-50fa-41a0-8bde-a9347ce4b8a7
f8a68976-c36b-4acc-81bb-c1619caaa016,MSCU794987195,03e53d2f-50fa-41a0-8bde-a9347ce4b8a7
28366f1c-2043-4585-91d6-b1c25015c9a4,MSCU344636966,03e53d2f-50fa-41a0-8bde-a9347ce4b8a7
da8a191a-a247-44ff-bfca-a06ba6be0d38,MSCU177463439,03e53d2f-50fa-41a0-8bde-a9347ce4b8a7
6c041b66-9fdf-419d-8601-9e6be3213d08,MSCU185943802,03e53d2f-50fa-41a0-8bde-a9347ce4b8a7
17f8e315-a40e-437d-91e9-013df569e5ef,MSCU194016477,03e53d2f-50fa-41a0-8bde-a9347ce4b8a7
da591bc7-afa7-47ba-889d-0258f6915ce8,MSCU727450516,03e53d2f-50fa-41a0-8bde-a9347ce4b8a7
60bc61a2-b75c-4fbd-b4c2-fa0431f44e87,MSCU205361299,22ce1244-119a-458c-8b2d-bbdc236ef5cf
bbb00490-f80f-45e7-970d-63c156a3e6ad,MSCU675887717,22ce1244-119a-458c-8b2d-bbdc236ef5cf
1543316c-a3d2-4b07-baea-5b840d0a9608,MSCU817067377,ad480d65-3aaa-410a-84e0-f76bfa0da92f
99a4b4c0-e799-418b-925b-e2537e784289,MSCU612059568,ad480d65-3aaa-410a-84e0-f76bfa0da92f
286de411-38c7-4e12-b9ed-79ec442dc721,MSCU614075267,ad480d65-3aaa-410a-84e0-f76bfa0da92f
143eaeea-fa5d-47aa-8eeb-bbfa0c5ffa0e,MSCU592178088,2522f226-632e-4038-906d-841c9b6d5274
c6b13164-67e6-4988-b812-d052b60ae708,MSCU133532193,2522f226-632e-4038-906d-841c9b6d5274
0b76a378-9a8b-4438-9215-e861f036f217,MSCU241793977,2522f226-632e-4038-906d-841c9b6d5274
05ccc790-a74a-493c-92e5-5b741b677506,EGLU692397003,c52b20c7-8f19-4be8-b998-5b778ea85dcc
d282a3e7-a615-48e6-a0db-4669988a297e,EGLU552555390,c52b20c7-8f19-4be8-b998-5b778ea85dcc
0f20bb51-a989-44b3-b70b-9f06fe6b4809,EGLU698265702,c52b20c7-8f19-4be8-b998-5b778ea85dcc
ed29fb57-76dc-468d-a8c6-ab4bd810f11c,EGLU379376251,c52b20c7-8f19-4be8-b998-5b778ea85dcc
ca58f2a2-fde6-4c7b-8282-79bccebd4c12,EGLU103745210,c52b20c7-8f19-4be8-b998-5b778ea85dcc
b808f8c8-d733-4378-b6c5-252a4f8e854e,EGLU795960234,c52b20c7-8f19-4be8-b998-5b778ea85dcc
947ecad6-4ef7-4813-821d-9980052ccf8a,EGLU564852920,c52b20c7-8f19-4be8-b998-5b778ea85dcc
8ebea81a-2dc0-4b93-a5db-9fb8a2f5ba0b,EGLU265023899,c52b20c7-8f19-4be8-b998-5b778ea85dcc
0f59820e-7cbd-4124-bac6-d43e45e73937,EGLU804231560,c52b20c7-8f19-4be8-b998-5b778ea85dcc
5867dd1f-0da3-4824-bec6-f7af69c975cf,MSCU757118681,ea848702-380a-4b66-b98c-a8cca34ed61e
7814659f-88fd-4d5b-bc24-64846686010a,MSCU412261955,aa48a7db-a2b3-4992-89a6-75c7f53cf41a
f6165361-2799-4093-9bc7-dc50ad874c8d,MSCU293376919,aa48a7db-a2b3-4992-89a6-75c7f53cf41a
a5cf6369-0e40-456f-a3c3-c5cd4b4e74e4,MSCU296697903,aa48a7db-a2b3-4992-89a6-75c7f53cf41a
f16adf6c-0bd7-45ae-a52e-67777546fbce,MSCU359475750,aa48a7db-a2b3-4992-89a6-75c7f53cf41a
347b6133-7240-428d-aa33-efeb7eb2c3b1,MSCU986183781,aa48a7db-a2b3-4992-89a6-75c7f53cf41a
1223f6c7-e296-4231-87b1-47752a5bf492,MSCU575340459,aa48a7db-a2b3-4992-89a6-75c7f53cf41a
ccf6f721-aa48-4629-aa0e-2548749b2eb4,MSCU178713546,aa48a7db-a2b3-4992-89a6-75c7f53cf41a
fa4cb564-de30-40c4-91a0-c4ffdf6d67d8,MSCU849471132,aa48a7db-a2b3-4992-89a6-75c7f53cf41a
2ad00482-f66d-40fc-8f12-a52f550779a1,MSCU513363139,aa48a7db-a2b3-4992-89a6-75c7f53cf41a
f2735e7c-1707-4843-9be5-3a6f891cd1fb,MSCU269731641,aa48a7db-a2b3-4992-89a6-75c7f53cf41a
682b28c2-5f80-42d5-bf39-b11c4a1e8874,EGLU814942949,4ea8370e-9fbd-4ed4-96e2-7eeacd6e1af8
8ce0c102-7016-4f90-9464-7a3be39c3e9a,EGLU962679377,4ea8370e-9fbd-4ed4-96e2-7eeacd6e1af8
61bf26b8-2356-4ca3-9a39-5f2325a06378,EGLU654444858,4ea8370e-9fbd-4ed4-96e2-7eeacd6e1af8
59fabd21-3267-4152-9bb2-02942c253fe9,EGLU348326547,4ea8370e-9fbd-4ed4-96e2-7eeacd6e1af8
08a7bb68-79da-4c4c-8ec5-93b1e78f8dc8,EGLU157469417,4ea8370e-9fbd-4ed4-96e2-7eeacd6e1af8
ccd18f43-d6fc-43fe-a19e-afba6a1fedf4,EGLU468065407,4ea8370e-9fbd-4ed4-96e2-7eeacd6e1af8
26adb5e3-e89e-4ac9-9acf-4e7ab6ed394c,EGLU555594012,4ea8370e-9fbd-4ed4-96e2-7eeacd6e1af8
07e402c6-5965-49d9-b665-7374724a21ff,EGLU230227262,d1fe1376-0bb6-4378-91f9-d4a3997a9dcc
e70ca2f0-140b-4ee8-adac-b700b4634f13,EGLU249740126,d1fe1376-0bb6-4378-91f9-d4a3997a9dcc
49392d46-4c44-4dd0-8cf1-bcbb8ff73f80,EGLU690302419,06b53f8a-6ea8-4b64-bea1-00bff4bcf3ff
ad50fee9-8ab9-4066-af0e-ed745aa29b02,EGLU941326266,e9093c35-a183-4267-9111-82c962351a65
f1dc4841-c700-49d4-b3dc-0d1369fbd6bf,MSCU220363973,7f11ee95-acf0-4210-b822-1085310ed205
f74756c9-efd8-4983-a889-dbf7c11d0db2,MSCU974835992,7f11ee95-acf0-4210-b822-1085310ed205
8db0848f-cb08-4951-a655-939f58724e27,MSCU264295060,7f11ee95-acf0-4210-b822-1085310ed205
ee9a6a4b-f946-4db3-901d-aa4078f8a73b,MSCU177005873,7f11ee95-acf0-4210-b822-1085310ed205
a9176072-56e6-4e56-b9a4-0c8e0ae0c9e2,MSCU447706808,7f11ee95-acf0-4210-b822-1085310ed205
5893768b-1bf0-4519-94bf-811f2e0bd752,MSCU161667246,7f11ee95-acf0-4210-b822-1085310ed205
7b812e24-5915-47b1-9df7-d6dcf656072d,MSCU117674626,7f11ee95-acf0-4210-b822-1085310ed205
aaf76718-f1e9-47d0-b6f3-96667dcc2f66,MSCU828155961,f93522a9-3b8e-4c15-a047-38cf30fa1607
a5829adb-6e43-4f36-a4d0-0b90ab45465b,MSCU816410989,f93522a9-3b8e-4c15-a047-38cf30fa1607
961bb06f-0bce-4497-95cb-9660e664d407,MSCU779639231,f93522a9-3b8e-4c15-a047-38cf30fa1607
7e634277-0c07-4525-83fc-0c8df7d110b7,MSCU662091723,f93522a9-3b8e-4c15-a047-38cf30fa1607
2ad77336-575d-449b-874d-1041a7c61ae9,MSCU807993370,249851be-479b-48ee-bac7-526dbaee5aec
ac03717b-b74d-4fff-a58a-7093e712518a,MSCU464525398,16b3de97-8ca6-4eb6-83bc-8893315dbb4a
f23ad1b2-f4df-44be-b9c4-c876404dab0b,MSCU147208329,16b3de97-8ca6-4eb6-83bc-8893315dbb4a
f71768ed-83d9-4dd2-b8f5-e17c42ad088b,MSCU284193340,16b3de97-8ca6-4eb6-83bc-8893315dbb4a
38bdc876-c248-4267-aa3e-62cf7d7ebcfe,MSCU503978260,16b3de97-8ca6-4eb6-83bc-8893315dbb4a
d063e8a2-ba66-49fe-bce3-6d06b66ac799,MSCU500172626,16b3de97-8ca6-4eb6-83bc-8893315dbb4a
e10e7a58-d45f-40b1-a5b7-679ec9cf9a98,MSCU177254602,16b3de97-8ca6-4eb6-83bc-8893315dbb4a
9616a393-bfdc-478c-b806-feaff9bef8d3,MSCU226433247,16b3de97-8ca6-4eb6-83bc-8893315dbb4a
ec97285d-9c66-4e77-8ff2-e00d7b52bfef,MSCU902944354,16b3de97-8ca6-4eb6-83bc-8893315dbb4a
b63c5897-d1ca-42a1-9a3e-9f9708f14346,MSCU390047171,16b3de97-8ca6-4eb6-83bc-8893315dbb4a
9e67b19a-772e-4024-a5db-6b8c9fff6e0a,MSCU786890496,16b3de97-8ca6-4eb6-83bc-8893315dbb4a
03f899cd-7803-4db8-87f9-f65b15863548,MSCU940940141,1b58a039-05c2-483a-a1a5-ec0774324be4
99d41702-d03c-4657-8471-b0c73ff42199,MSCU153510017,1b58a039-05c2-483a-a1a5-ec0774324be4
3d7ed193-9860-4f10-91b1-b85e1f65190f,MSCU100746606,1b58a039-05c2-483a-a1a5-ec0774324be4
3749510a-6fc3-42b9-98fd-0bd8d04ada7d,MSCU353809422,1b58a039-05c2-483a-a1a5-ec0774324be4
7e8b5247-c3f8-456a-ad67-b31f93af40a0,EGLU300208978,38d8fae0-f23e-4012-b7f7-1aac5b2300cb
0f1f4b90-72a9-4761-b587-636359cd8f2f,EGLU793131281,38d8fae0-f23e-4012-b7f7-1aac5b2300cb
e125494c-4ef3-4dd6-8bbe-106423810b49,EGLU515799747,38d8fae0-f23e-4012-b7f7-1aac5b2300cb
ffbf1484-184a-4702-a6b7-7b16c8c92ef1,EGLU925517938,7ab86565-b703-4bff-81b3-0d1ab9a23e8c
8c2e5dc6-78c9-431c-bbf8-4651f56d033b,EGLU675692391,7ab86565-b703-4bff-81b3-0d1ab9a23e8c
f1103e9c-3aae-44ae-afb2-66852a367671,EGLU757204396,7ab86565-b703-4bff-81b3-0d1ab9a23e8c
d8f4574e-6836-4e4f-be63-1829eb14b79f,MSCU850158515,d33a6558-ff0c-473e-9603-664857085d12
e1b4340d-7e8f-400b-b1e8-0579ac42d519,MSCU369663268,d33a6558-ff0c-473e-9603-664857085d12
228bd35d-70e1-4ff5-83db-ad333cd2df8f,MSCU504086151,d33a6558-ff0c-473e-9603-664857085d12
5b91bf1c-118f-4c5d-9959-2f7daee42963,MSCU580898909,d33a6558-ff0c-473e-9603-664857085d12
a7c07b65-1488-4a81-94ef-b6a0c5c36694,MSCU394272243,0465e155-45ce-44aa-9acf-eb693f1ae3fd
55a925b4-a131-4198-8002-eee0df5b47c3,MSCU421431312,0465e155-45ce-44aa-9acf-eb693f1ae3fd
6cd59373-9951-4c3d-ad6e-39d461586af5,MSCU398841253,0465e155-45ce-44aa-9acf-eb693f1ae3fd
28d0a9ed-40e8-441f-a185-cc32b9e7a35b,MSCU774716833,0465e155-45ce-44aa-9acf-eb693f1ae3fd
fc1b5458-dedf-4f6c-96d7-1f88ceee64dc,MSCU930683889,0465e155-45ce-44aa-9acf-eb693f1ae3fd
49f9c054-e335-4e65-9a7e-7bb9e0c1582e,MSCU680255146,0465e155-45ce-44aa-9acf-eb693f1ae3fd
b14b140f-c4a1-49c4-b99c-f8bc96577e2e,MSCU433198390,0465e155-45ce-44aa-9acf-eb693f1ae3fd
71ca56bf-41dd-479c-9e6a-cfbd0ba54116,MSCU716681837,0465e155-45ce-44aa-9acf-eb693f1ae3fd
388b16d5-e76e-465f-ad2f-9547c769dba5,MSCU122804888,0465e155-45ce-44aa-9acf-eb693f1ae3fd
81d4d380-cb43-4c94-a582-1c9e8d540c35,MSCU895694501,0465e155-45ce-44aa-9acf-eb693f1ae3fd
aa61a340-de54-4784-8d1b-5bd969fa60be,EGLU378746105,d0b7c40e-c015-483e-be26-7a64bde30622
ad575a3b-7d5a-4816-98e1-4c7b509753d1,EGLU586667078,d0b7c40e-c015-483e-be26-7a64bde30622
f5d83a65-a7c2-4c53-a88f-cf4f8d8ead58,EGLU337650748,d0b7c40e-c015-483e-be26-7a64bde30622